maturity,strike,market_price,market_iv,heston_price,heston_iv,iv_error,option_type
0.25,80,20.6507,0.214099,20.676,0.226824,0.0127257,C
0.25,85,15.8936,0.218571,15.9309,0.225167,0.00659635,C
0.25,90,11.6701,0.235149,11.5373,0.223701,-0.0114481,C
0.25,95,8.1642,0.246705,7.75005,0.22241,-0.0242942,C
0.25,100,5.0053,0.232719,4.7789,0.221283,-0.0114359,C
0.25,105,2.862,0.229453,2.68815,0.220305,-0.00914774,C
0.25,110,1.4132,0.221885,1.3765,0.219464,-0.00242046,C
0.25,115,0.6567,0.220122,0.642578,0.21875,-0.00137242,C
0.25,120,0.2714,0.217622,0.274571,0.21815,0.000528664,C
0.5,80,21.4254,0.199346,21.547,0.217341,0.0179954,C
0.5,85,17.3332,0.23221,17.1061,0.215659,-0.0165507,C
0.5,90,13.4048,0.231261,13.0669,0.214168,-0.0170927,C
0.5,95,9.7385,0.219793,9.56665,0.212855,-0.00693778,C
0.5,100,6.371,0.199999,6.69618,0.211706,0.011707,C
0.5,105,3.7988,0.186329,4.47654,0.210709,0.0243799,C
0.5,110,2.5859,0.198956,2.85935,0.209852,0.0108959,C
0.5,115,1.5036,0.19724,1.74764,0.209124,0.0118835,C
0.5,120,0.8982,0.200447,1.02449,0.208513,0.00806585,C
1,80,23.225,0.200064,23.2379,0.200886,0.000821682,C
1,85,19.2378,0.204644,19.1127,0.199175,-0.00546912,C
1,90,15.4292,0.199999,15.3602,0.197654,-0.00234472,C
1,95,11.8996,0.191992,12.0504,0.196311,0.0043191,C
1,100,9.4134,0.2,9.22526,0.195133,-0.00486642,C
1,105,6.7772,0.191205,6.89307,0.194109,0.00290437,C
1,110,5.2934,0.2,5.03052,0.193228,-0.00677227,C
1,115,3.8336,0.199279,3.58977,0.192477,-0.00680195,C
1,120,2.7666,0.200001,2.50839,0.191847,-0.0081539,C
2,80,26.0756,0.17788,26.0251,0.175908,-0.00197238,C
2,85,22.5745,0.186882,22.1409,0.174217,-0.0126649,C
2,90,18.1408,0.162161,18.5669,0.172706,0.0105457,C
2,95,14.7414,0.158626,15.3439,0.171365,0.0127396,C
2,100,11.9409,0.159607,12.4973,0.170183,0.0105759,C
2,105,9.6853,0.162863,10.0351,0.169148,0.00628501,C
2,110,7.8944,0.167287,7.94878,0.168251,0.000964333,C
2,115,6.4874,0.172409,6.2156,0.167482,-0.00492684,C
2,120,5.3902,0.178028,4.80244,0.16683,-0.011198,C
